31	271	Você
271	391	é
391	531	a
531	731	média
731	971	das
971	1271	cinco
1271	1651	pessoas
1651	1771	que
1771	2011	você
2011	2211	anda.
2351	2491	Eu
2491	2531	tô
2531	2691	aqui
2691	2971	treinando
2971	3111	na
3111	3431	academia
3431	3631	e
3631	3751	eu
3751	3851	tava
3851	4331	pensando
4331	4511	que
4511	4791	agora
4791	4911	que
4911	4971	eu
4971	5171	entrei
5171	5251	na
5251	5691	faculdade,
5771	5931	faz
5931	6111	mais
6111	6191	ou
6191	6351	menos
6351	6651	dois
6651	7071	meses,
7451	7651	essa
7651	7731	é
7731	7831	a
7831	8031	frase
8031	8171	que
8171	8311	eu
8311	8631	mais
8631	8771	vejo
8771	9211	falado
9211	9651	todos
9651	9871	os
9871	10151	dias.
10371	10451	Que
10451	10531	é
10531	10931	simplesmente
10931	11551	impossível
11551	11831	você
11831	12031	já
12031	12151	ter
12151	12411	andado
12411	12731	comigo
12731	12951	e
12951	13191	nunca
13191	13351	ter
13351	13551	ouvido
13551	13831	falar
13831	14031	dessa
14031	14391	frase.
14551	14691	Eu
14691	15051	concordo
15051	15391	muito
15391	15491	com
15491	15611	essa
15611	15951	frase.
16111	16231	Porque
16231	16591	querendo
16591	16771	ou
16771	16871	não,
16931	17091	as
17091	17331	pessoas
17331	17491	ao
17491	17631	seu
17631	17971	redor
17971	18351	te
18351	18851	influenciam
18851	19531	muito
19531	19751	no
19751	19911	seu
19911	20071	dia
20071	20191	a
20191	20331	dia.
20511	20531	O
20531	20731	jeito
20731	20871	que
20871	21051	elas
21051	21431	pensam,
21471	21611	os
21611	22111	objetivos
22111	22251	que
22251	22431	elas
22431	22711	têm,
22831	22971	tudo
22971	23331	acaba
23331	23551	lhe
23551	24031	moldando
24031	24431	também
24431	24771	a
24771	25271	enxergar
25271	25431	o
25431	25611	mundo.
25711	25831	Então
25831	25991	pensa
25991	26271	comigo,
26391	26531	se
26531	26811	você
26811	26971	anda
26971	27151	com
27151	27431	cinco
27431	27991	alcoólatras,
28071	28311	você
28311	28431	vai
28431	28551	ser
28551	28691	o
28691	28931	sexto.
29140	29380	Porque
29380	29700	todas
29700	29880	as
29880	30280	resenhas
30280	30560	deles
30560	30900	é
30900	31000	ir
31000	31100	pra
31100	31340	bar,
31500	31620	é
31620	31800	falar
31800	32040	sobre
32040	32500	bebida.
32820	32920	E
32920	33040	do
33040	33280	mesmo
33280	33560	jeito
33560	33800	isso
33800	34180	pode
34180	34560	acontecer
34560	34700	de
34700	34820	uma
34820	35040	forma
35040	35760	negativa,
36080	36280	pode
36280	36660	acontecer
36660	36800	de
36800	36900	uma
36900	37080	forma
37080	37720	positiva
37720	38040	também.
38160	38260	Porque
38260	38400	se
38400	38660	você
38660	38960	só
38960	39160	anda
39160	39300	com
39300	39660	pessoas
39660	39800	que
39800	40120	falam
40120	40340	sobre
40340	40860	negócios,
40920	41040	que
41040	41300	querem
41300	41760	crescer
41760	41960	na
41960	42200	vida,
42480	42640	a
42640	43020	tendência
43020	43140	é
43140	43180	que
43180	43360	você
43360	43840	estude
43840	44180	muito
44180	44420	mais
44420	44620	sobre
44620	44860	isso
44860	45180	também
45180	45620	e
45620	46040	cresça
46040	46460	junto
46460	46620	com
46620	46760	o
46760	46800	seu
46800	47020	grupo
47020	47240	de
47240	47520	amigos
47520	47760	e
47760	47920	as
47920	48200	pessoas
48200	48340	que
48340	48520	você
48520	48740	já
48740	49020	anda.
49120	49260	Então
49260	49480	pensa
49480	49840	comigo,
50200	50380	quem
50380	50700	são
50700	50920	as
50920	51200	cinco
51200	51520	pessoas
51520	51680	que
51680	51920	você
51920	52300	anda
52300	52460	hoje
52460	52640	em
52640	52780	dia?
53060	53200	E
53200	53380	quais
53380	53520	as
53520	53720	suas
53720	54220	atitudes
54220	54400	que
54400	54600	você
54600	54840	quer
54840	55060	levar
55060	55220	para
55220	55260	o
55260	55400	seu
55400	55760	futuro?
