31	131	Com
131	471	16
471	851	anos
851	1011	eu
1011	1471	faturei
1471	1771	cerca
1771	1951	de
1951	2331	500
2331	2591	mil
2591	2911	reais
2911	3091	no
3091	3511	primeiro
3511	3791	mês
3791	3911	da
3911	4051	minha
4051	4431	empresa.
4571	4631	E
4631	4831	essas
4831	5111	aqui
5111	5311	foram
5311	5491	as
5491	5671	três
5671	6131	decisões
6131	6311	que
6311	6691	fizeram
6691	6851	com
6851	6951	que
6951	7211	a
7211	7341	gente
7341	7471	tivesse
7471	7651	um
7651	8171	faturamento
8171	8551	tão
8551	9231	expressivo
9231	9651	logo
9651	9831	no
9831	10111	primeiro
10111	10391	mês
10391	10491	de
10491	11051	operação.
11271	11411	A
11411	11751	primeira
11751	11991	é
11991	12091	que
12091	12191	eu
12191	12531	gastei
12531	12731	mais
12731	12871	com
12871	13551	conteúdo
13551	13791	do
13791	13911	que
13911	14071	com
14071	14571	anúncio.
14711	14931	Hoje
14931	15191	ninguém
15191	15331	tá
15331	15431	na
15431	15811	internet
15811	16031	pra
16031	16211	ver
16211	16611	anúncio
16611	16731	e
16731	16791	que
16791	17011	alguém
17011	17211	foi
17211	17651	obviamente
17651	18231	pago
18231	18391	pra
18391	18571	tá
18571	18911	falando
18911	19231	isso.
19311	19431	As
19431	19751	pessoas
19751	20091	querem
20091	20271	ver
20271	20411	seu
20411	20771	produto
20771	20931	de
20931	21051	uma
21051	21231	forma
21231	21811	orgânica,
21891	22431	encaixada
22431	22591	na
22591	22971	rotina
22971	23191	das
23191	23511	pessoas
23511	23691	que
23691	23791	ela
23791	23991	já
23991	24631	acompanha.
24787	24867	A
24867	25207	segunda
25207	25707	decisão
25707	25907	foi
25907	26167	gerar
26167	26567	FOMO
26567	26707	nos
26707	27027	nossos
27027	27447	futuros
27447	28147	clientes.
28307	28347	Enquanto
28347	28667	várias
28667	29027	pessoas
29027	29267	já
29267	29487	queriam
29487	29867	comprar
29867	30147	nossos
30147	30607	produtos
30607	30787	que
30787	30907	a
30907	31007	gente
31007	31167	já
31167	31487	estava
31487	32067	divulgando,
32267	32387	a
32387	32507	gente
32507	32807	ficava
32807	33087	fazendo
33087	33667	suspense
33667	33867	e
33867	34167	deixando
34167	34647	pessoas
34647	35467	específicas
35467	35727	usarem
35727	36207	roupas,
36267	36427	como
36427	37267	influenciadoras,
37547	38167	jornalistas,
38347	38647	pessoas
38647	38787	que
38787	38967	a
38967	38987	gente
38987	39527	sabia
39527	39967	que
39967	40147	iam
40147	40427	gerar
40427	40887	burburinho
40887	41027	na
41027	41327	nossa
41327	42027	comunidade.
42207	42347	E
42347	42867	terceiro,
42987	43287	após
43287	43527	lançar
43527	43667	o
43667	44067	produto,
44207	44347	criar
44347	44507	uma
44507	44947	comunidade
44947	45487	forte,
45567	45827	fazendo
45827	46407	eventos,
46507	47127	ativações,
47227	47347	que
47347	47587	dessa
47587	47987	maneira
47987	48407	também
48407	49287	aumentasse
49287	49387	a
49387	49567	nossa
49567	50076	recompra.
50076	50365	Ou
50365	50565	seja,
50705	50825	o
50825	51165	produto
51165	51425	pode
51425	51845	até
51845	52025	não
52025	52205	ser
52205	52545	genial,
52732	52932	mas
52932	53092	o
53092	53492	jeito
53492	53652	que
53652	53892	você
53892	54372	anuncia
54372	54692	faz
54692	55112	toda
55112	55212	a
55212	55772	diferença.
56012	56112	Já
56112	56252	me
56252	56452	segue
56452	56692	aqui
56692	56852	pra
56852	57012	ver
57012	57232	como
57232	57752	escalar
57752	57972	a
57972	58072	sua
58072	58552	operação
58552	58932	também.
