0.031	0.231	Me
0.231	0.571	fala
0.571	0.831	com
0.831	0.931	quem
0.931	1.191	você
1.191	1.391	anda
1.391	1.551	que
1.551	1.711	eu
1.711	1.851	sei
1.851	2.231	dizer
2.231	2.731	aonde
2.731	3.031	você
3.031	3.171	vai
3.171	3.411	estar
3.411	3.691	daqui
3.691	3.851	a
3.851	4.131	5
4.131	4.551	anos.
4.691	4.811	Tem
4.811	4.951	um
4.951	5.291	estudo
5.291	5.431	que
5.431	5.551	foi
5.551	6.031	publicado
6.031	6.131	em
6.131	6.791	2007
6.791	6.991	que
6.991	7.491	acompanhou
7.491	7.711	mais
7.711	7.831	de
7.831	8.251	12
8.251	8.431	mil
8.431	8.971	pessoas.
9.151	9.311	Ele
9.311	9.651	mostrou
9.651	9.891	que
9.891	10.151	quando
10.151	10.271	um
10.271	10.451	amigo
10.451	10.671	seu
10.671	11.011	ficava
11.011	11.471	obeso,
11.571	11.731	a
11.731	11.931	sua
11.931	12.251	chance
12.251	12.411	de
12.411	12.871	engordar
12.871	13.231	subia
13.231	13.371	para
13.371	15.031	57%.
15.031	15.251	E
15.251	15.411	não
15.411	15.631	é
15.631	15.751	só
15.751	16.051	peso.
16.191	16.411	Os
16.411	16.751	mesmos
16.751	17.451	profissionais
17.451	18.131	encontraram
18.131	18.651	resultados
18.651	18.971	nessa
18.971	19.611	pesquisa,
19.971	20.371	incluindo
20.371	21.211	felicidade
21.211	21.491	e
21.491	21.771	outros
21.771	22.231	hábitos
22.231	22.551	também.
22.745	22.885	Isso
22.885	23.085	quer
23.085	23.305	dizer
23.305	23.485	que
23.485	23.685	seus
23.685	24.245	hábitos
24.245	24.625	passam
24.625	24.925	pelas
24.925	25.265	pessoas
25.265	25.445	ao
25.445	25.585	seu
25.585	25.925	redor,
26.005	26.225	você
26.225	26.705	querendo
26.705	27.065	isso
27.065	27.285	ou
27.285	27.465	não.
27.565	27.805	Ou
27.805	28.065	seja,
28.205	28.285	se
28.285	28.585	você
28.585	28.785	quer
28.785	28.945	se
28.945	29.265	tornar
29.265	29.445	uma
29.445	29.805	pessoa,
29.945	30.045	se
30.045	30.245	você
30.245	30.425	tem
30.425	30.965	certos
30.965	31.625	objetivos,
32.045	32.285	veja
32.285	32.445	com
32.445	32.725	quem
32.725	33.025	você
33.025	33.205	tá
33.205	33.525	andando.
33.585	33.785	Essas
33.785	34.105	pessoas
34.105	34.345	também
34.345	34.485	tem
34.485	34.585	o
34.585	34.805	mesmo
34.805	35.225	projeto
35.225	35.445	de
35.445	35.605	vida
35.605	35.745	que
35.745	36.065	você.
36.165	36.365	Porque
36.365	36.545	se
36.545	36.745	não
36.745	37.185	tiverem
37.185	37.425	e
37.425	37.685	forem
37.685	37.785	a
37.785	38.105	maioria,
38.425	38.545	é
38.545	38.725	mais
38.725	38.945	fácil
38.945	39.105	de
39.105	39.505	você
39.505	39.945	ir
39.945	40.165	pelo
40.165	40.385	lado
40.385	40.745	deles.
41.005	41.105	Já
41.105	41.245	me
41.245	41.405	segue
41.405	41.625	aqui
41.625	41.765	pra
41.765	41.905	ver
41.905	42.125	mais
42.125	42.685	conteúdos
42.685	42.885	como
42.885	43.165	esse.
