0.031	0.491	Esse
0.491	0.791	aqui
0.791	1.071	foi
1.071	1.191	o
1.191	1.631	resultado
1.631	1.851	do
1.851	2.271	primeiro
2.271	2.591	mês
2.591	2.711	da
2.711	2.851	minha
2.851	3.271	empresa.
3.371	3.431	E
3.431	3.631	essas
3.631	3.911	aqui
3.911	4.091	foram
4.091	4.291	as
4.291	4.451	três
4.451	4.911	decisões
4.911	5.091	que
5.091	5.491	fizeram
5.491	5.631	com
5.631	5.731	que
5.731	5.851	a
5.851	5.971	gente
5.971	6.271	tivesse
6.271	6.431	um
6.431	6.971	faturamento
6.971	7.351	tão
7.351	8.031	expressivo
8.031	8.451	logo
8.451	8.611	no
8.611	8.891	primeiro
8.891	9.191	mês
9.191	9.311	de
9.311	9.851	operação.
10.071	10.191	A
10.191	10.551	primeira
10.551	10.791	é
10.791	10.871	que
10.871	10.991	eu
10.991	11.331	gastei
11.331	11.531	mais
11.531	11.671	com
11.671	12.351	conteúdo
12.351	12.571	do
12.571	12.711	que
12.711	12.871	com
12.871	13.371	anúncio.
13.511	13.731	Hoje
13.731	13.971	ninguém
13.971	14.131	tá
14.131	14.231	na
14.231	14.611	internet
14.611	14.831	pra
14.831	14.991	ver
14.991	15.411	anúncio
15.411	15.531	e
15.531	15.571	que
15.571	15.811	alguém
15.811	15.991	foi
15.991	16.451	obviamente
16.451	17.011	pago
17.011	17.191	pra
17.191	17.351	tá
17.351	17.691	falando
17.691	18.011	isso.
18.091	18.231	As
18.231	18.551	pessoas
18.551	18.891	querem
18.891	19.051	ver
19.051	19.191	seu
19.191	19.551	produto
19.551	19.711	de
19.711	19.831	uma
19.831	20.011	forma
20.011	20.611	orgânica,
20.691	21.231	encaixada
21.231	21.391	na
21.391	21.771	rotina
21.771	21.991	das
21.991	22.311	pessoas
22.311	22.471	que
22.471	22.591	ela
22.591	22.771	já
22.771	23.431	acompanha.
23.555	23.655	A
23.655	23.995	segunda
23.995	24.495	decisão
24.495	24.695	foi
24.695	24.995	gerar
24.995	25.355	FOMO
25.355	25.495	nos
25.495	25.815	nossos
25.815	26.235	futuros
26.235	26.915	clientes.
38.557	38.757	que
38.757	38.957	iam
38.957	39.217	gerar
39.217	39.697	burburinho
39.697	39.837	na
39.837	40.097	nossa
40.097	40.817	comunidade.
41.057	41.137	E
41.137	41.657	terceiro,
41.777	42.077	após
42.077	42.317	lançar
42.317	42.457	o
42.457	42.837	produto,
42.997	43.137	criar
43.137	43.297	uma
43.297	43.737	comunidade
43.737	44.277	forte,
44.337	44.637	fazendo
44.637	45.197	eventos,
45.297	45.917	ativações,
46.017	46.137	que
46.137	46.377	dessa
46.377	46.757	maneira
46.757	47.197	também
47.197	48.077	aumentasse
48.077	48.177	a
48.177	48.357	nossa
48.357	48.937	recompra.
48.997	49.157	Ou
49.157	49.357	seja,
49.497	49.617	o
49.617	49.957	produto
49.957	50.217	pode
50.217	50.597	até
50.597	50.817	não
50.817	50.997	ser
50.997	51.317	genial,
51.757	51.957	mas
51.957	52.137	o
52.137	52.517	jeito
52.517	52.677	que
52.677	52.917	você
52.917	53.417	anuncia
53.417	53.717	faz
53.717	54.137	toda
54.137	54.257	a
54.257	54.777	diferença.
55.017	55.157	Já
55.157	55.277	me
55.277	55.477	segue
55.477	55.717	aqui
55.717	55.877	para
55.877	56.037	ver
56.037	56.257	como
56.257	56.777	escalar
56.777	56.997	a
56.997	57.077	sua
57.077	57.577	operação
57.577	57.957	também.
