117	287	Seu
287	627	cérebro
627	1107	odeia
1107	1487	coisas
1487	1707	pela
1707	2287	metade.
2573	2693	E
2693	2873	isso
2873	3013	tá
3013	3173	te
3173	3573	travando
3573	3953	mais
3953	4113	do
4113	4193	que
4193	4413	você
4413	5013	imagina.
5287	5423	Eu
5423	5563	vou
5563	5643	ser
5643	6023	honesto
6023	6123	que
6123	6223	eu
6223	6583	percebi
6583	6803	isso
6803	7043	olhando
7043	7183	pra
7183	7303	minha
7303	7643	própria
7643	8103	rotina,
8223	8583	primeiro.
8920	8996	Tinha
8996	9176	que
9176	9516	conciliar
9516	9696	o
9696	10096	trabalho
10096	10316	junto
10316	10416	com
10416	10896	faculdade,
11036	11156	com
11156	11516	criação
11516	11656	de
11656	12036	conteúdo
12036	12196	e
12196	12396	várias
12396	12696	outras
12696	12976	coisas
12976	13316	também.
13683	13790	E
13790	13930	tinha
13930	14270	dias
14270	14390	que
14390	14470	eu
14470	14830	terminava
14910	15270	exausto
15270	15530	sem
15530	15870	fazer
15870	16230	quase
16230	16750	nada.
17037	17244	Mas
17244	17484	aí
17484	17584	que
17584	17644	eu
17644	17904	entendi
17904	18064	o
18064	18484	porquê
18484	18684	e
18684	18824	foi
18824	18944	o
18944	19344	estudo
19344	19524	que
19524	19684	me
19684	20224	comprovou
20224	20564	isso.
20787	20869	E
20869	20969	ele
20969	21069	é
21069	21409	chamado
21409	21589	de
21589	21949	efeito
21949	22889	Zeigarnik.
23143	23253	Porque
23253	23315	o
23315	23755	cérebro
23755	24335	trata
24335	24455	a
24455	24775	tarefa
24775	25355	inacabada
25355	25615	como
25615	25755	um
25755	26283	alarme.
26472	26572	Porque
26572	26672	ele
26672	26792	não
26792	26892	te
26892	27172	deixa
27172	27652	esquecer
27652	27872	e
27872	28092	fica
28092	28272	te
28272	28832	relembrando
28832	29052	a
29052	29372	cada
29372	29772	momento
29772	29952	que
29952	30332	passa.
30530	30590	E
30585	30725	uma
30725	31365	pesquisadora
31365	31785	chamada
31785	32165	Sophie
32165	32625	Leroy
32625	33065	encontrou
33065	33225	uma
33225	33445	coisa
33445	33625	que
33625	34165	piora
34165	34805	bastante
34805	35280	isso.
35450	35625	Porque
35625	35865	quando
35865	36200	você
38005	38465	troca
38465	38645	de
38645	39045	tarefa,
39045	39545	parte
39545	39705	do
39705	39945	seu
39945	40365	cérebro,
40505	40645	ele
40645	41005	fica
41005	41645	relembrando
41645	41825	da
41825	42205	anterior.
42660	42765	E
42765	42925	ela
42925	43245	chamou
43245	43485	isso
43485	43705	de
43705	44205	resíduo
44205	44305	de
44305	44745	atenção.
45100	45292	Então
45292	45692	agora,
45792	46032	junta
46032	46212	essas
46212	46472	duas
46472	46952	coisas.
47190	47272	De
47272	47472	um
47472	47732	lado,
47832	48032	10
48032	48472	projetos
48472	49072	começados,
49392	49452	ou
49412	49652	seja,
50032	50292	10
50292	50772	alarmes
50772	50932	que
50932	51192	estão
51192	51780	tocando.
51980	52072	E
52072	52292	você
52292	52792	nunca
52792	52992	tá
52992	53352	inteiro
53352	53712	deles.
